onsets	trial_number	trial_id	isi_1	isi_2	isi_3	isi_4	target_shape
3008	1	interval05	527	2074	527	2040	beep_220hz
12080	-	baseline	-	-	-	-	-
18080	2	beat06	544	1632	544	1632	beep_880hz
26336	3	beat15	697	2091	697	2091	beep_220hz
35816	4	interval15	697	1887	697	1275	beep_220hz
44276	5	interval11	629	1904	629	1088	beep_220hz
52430	6	beat12	646	1938	646	1938	beep_880hz
61502	7	interval01	459	1872	459	1955	beep_220hz
70151	8	beat05	527	1581	527	1581	beep_220hz
78271	-	baseline	-	-	-	-	-
84271	9	beat03	493	1479	493	1479	beep_220hz
92119	10	beat04	510	1530	510	1530	beep_880hz
100103	11	interval07	561	2142	561	2074	beep_220hz
109345	12	beat16	714	2142	714	2142	beep_880hz
118961	-	baseline	-	-	-	-	-
124961	13	interval16	714	1428	714	2040	beep_880hz
133761	14	interval13	663	2023	663	1088	beep_220hz
142102	15	interval03	493	1520	493	2856	beep_220hz
151368	-	baseline	-	-	-	-	-
157368	16	interval12	646	1808	646	1955	beep_880hz
166327	17	interval04	510	1411	510	1649	beep_880hz
174311	18	beat01	459	1377	459	1377	beep_220hz
181887	19	interval08	578	1853	578	1088	beep_880hz
189888	20	beat09	595	1785	595	1785	beep_220hz
198552	-	baseline	-	-	-	-	-
204552	21	interval14	680	2006	680	2856	beep_880hz
214678	22	beat10	612	1836	612	1836	beep_880hz
223478	-	baseline	-	-	-	-	-
229478	23	interval02	476	1581	476	1088	beep_880hz
237003	24	beat14	680	2040	680	2040	beep_880hz
246347	-	baseline	-	-	-	-	-
252347	25	interval10	612	1632	612	1870	beep_880hz
260977	26	interval09	595	1496	595	1870	beep_220hz
269437	-	baseline	-	-	-	-	-
275437	27	interval18	748	2048	748	1649	beep_880hz
284534	28	interval17	731	2064	731	2856	beep_220hz
294820	29	beat13	663	1989	663	1989	beep_220hz
304028	30	beat08	578	1734	578	1734	beep_880hz
312556	31	beat17	731	2193	731	2193	beep_220hz
322308	32	beat11	629	1887	629	1887	beep_220hz
331244	33	beat07	561	1683	561	1683	beep_220hz
339636	34	beat18	748	2244	748	2244	beep_880hz
349524	35	beat02	476	1428	476	1428	beep_880hz
357236	36	interval06	544	1840	544	1275	beep_880hz
