trial_id	isi_1	isi_2	isi_3	isi_4	isi_5	target_shape
beat01	459	1377	459	1377	459	beep_220hz
beat02	510	1530	510	1530	510	beep_880hz
beat03	561	1683	561	1683	561	beep_220hz
beat04	612	1836	612	1836	612	beep_880hz
beat05	663	1989	663	1989	663	beep_220hz
beat01	459	1377	459	1377	459	beep_880hz
beat02	510	1530	510	1530	510	beep_220hz
beat03	561	1683	561	1683	561	beep_880hz
beat04	612	1836	612	1836	612	beep_220hz
beat05	663	1989	663	1989	663	beep_880hz
beat01	459	1377	459	1377	459	beep_220hz
beat02	510	1530	510	1530	510	beep_880hz
beat03	561	1683	561	1683	561	beep_220hz
beat04	612	1836	612	1836	612	beep_880hz
beat05	663	1989	663	1989	663	beep_220hz
beat01	459	1377	459	1377	459	beep_880hz
beat02	510	1530	510	1530	510	beep_220hz
beat03	561	1683	561	1683	561	beep_880hz
beat04	612	1836	612	1836	612	beep_220hz
beat05	663	1989	663	1989	663	beep_880hz
