trial_id	isi_1	isi_2	isi_3	isi_4
beat01	459	1377	459	1377
beat02	510	1530	510	1530
beat03	561	1683	561	1683
beat04	612	1836	612	1836
beat05	663	1989	663	1989
beat01	459	1377	459	1377
beat02	510	1530	510	1530
beat03	561	1683	561	1683
beat04	612	1836	612	1836
beat05	663	1989	663	1989
beat01	459	1377	459	1377
beat02	510	1530	510	1530
beat03	561	1683	561	1683
beat04	612	1836	612	1836
beat05	663	1989	663	1989
beat01	459	1377	459	1377
beat02	510	1530	510	1530
beat03	561	1683	561	1683
beat04	612	1836	612	1836
beat05	663	1989	663	1989
beat01	459	1377	459	1377
beat02	510	1530	510	1530
beat03	561	1683	561	1683
beat04	612	1836	612	1836
beat05	663	1989	663	1989
beat01	459	1377	459	1377
beat02	510	1530	510	1530
beat03	561	1683	561	1683
beat04	612	1836	612	1836
beat05	663	1989	663	1989
